,bounty url,album,,unique albums,bounty count,,,,unique albums,bounty count
,https://poidh.xyz/degen/bounty/658,marketing,,marketing,53,,,,fun,73
,https://poidh.xyz/degen/bounty/718,costumes,,costumes,2,,,,marketing,53
,https://poidh.xyz/degen/bounty/719,design,,design,9,,,,publicgoods,35
,https://poidh.xyz/degen/bounty/653,marketing,,skating,4,,,,nature,20
,https://poidh.xyz/degen/bounty/1091,skating,,fun,74,,,,art,17
,https://poidh.xyz/degen/bounty/1089,fun,,fitness,12,,,,food,16
,https://poidh.xyz/degen/bounty/1093,fun,,gaming,5,,,,dev,16
,https://poidh.xyz/degen/bounty/1098,fun,,education,2,,,,farcaster,13
,https://poidh.xyz/degen/bounty/1095,fun,,data,2,,,,fitness,12
,https://poidh.xyz/degen/bounty/1087,fun,,art,17,,,,selfcare,12
,https://poidh.xyz/base/bounty/441,fitness,,football,11,,,,football,11
,https://poidh.xyz/base/bounty/429,gaming,,pets,6,,,,design,9
,https://poidh.xyz/base/bounty/314,education,,publicgoods,35,,,,music,9
,https://poidh.xyz/base/bounty/163,data,,music,9,,,,pets,6
,https://poidh.xyz/base/bounty/424,art,,basketball,6,,,,basketball,6
,https://poidh.xyz/base/bounty/86,fun,,farcaster,14,,,,gaming,5
,https://poidh.xyz/base/bounty/474,marketing,,politics,2,,,,skating,4
,https://poidh.xyz/base/bounty/558,fun,,food,16,,,,photography,4
,https://poidh.xyz/base/bounty/220,art,,nature,20,,,,memes,3
,https://poidh.xyz/base/bounty/517,football,,family,2,,,,golf,3
,https://poidh.xyz/base/bounty/434,pets,,memes,3,,,,trees,3
,https://poidh.xyz/degen/bounty/1147,design,,dev,16,,,,gardening,3
,https://poidh.xyz/degen/bounty/707,publicgoods,,photography,4,,,,costumes,2
,https://poidh.xyz/degen/bounty/1128,marketing,,golf,3,,,,education,2
,https://poidh.xyz/degen/bounty/1127,marketing,,cars,2,,,,data,2
,https://poidh.xyz/degen/bounty/204,music,,popculture,1,,,,politics,2
,https://poidh.xyz/degen/bounty/1126,marketing,,selfcare,12,,,,family,2
,https://poidh.xyz/degen/bounty/1146,marketing,,trees,3,,,,cars,2
,https://poidh.xyz/degen/bounty/1122,music,,spanish,1,,,,poetry,2
,https://poidh.xyz/degen/bounty/1113,basketball,,gardening,3,,,,popculture,1
,https://poidh.xyz/degen/bounty/1130,fun,,poetry,2,,,,spanish,1
,https://poidh.xyz/degen/bounty/188,publicgoods,,fashion,1,,,,fashion,1
,https://poidh.xyz/degen/bounty/299,publicgoods,,baseball,,,,,,
,https://poidh.xyz/degen/bounty/1117,fun,,,,,,,,
,https://poidh.xyz/degen/bounty/1133,football,,,,,,,,
,https://poidh.xyz/base/bounty/536,football,,,,,,,,
,https://poidh.xyz/base/bounty/443,farcaster,,,,,,,,
,https://poidh.xyz/base/bounty/521,politics,,,,,,,,
,https://poidh.xyz/base/bounty/505,fun,,,,,,,,
,https://poidh.xyz/base/bounty/608,design,,,,,,,,
,https://poidh.xyz/base/bounty/615,publicgoods,,,,,,,,
,https://poidh.xyz/base/bounty/460,food,,,,,,,,
,https://poidh.xyz/base/bounty/621,skating,,,,,,,,
,https://poidh.xyz/base/bounty/617,nature,,,,,,,,
,https://poidh.xyz/base/bounty/420,family,,,,,,,,
,https://poidh.xyz/base/bounty/623,marketing,,,,,,,,
,https://poidh.xyz/base/bounty/619,marketing,,,,,,,,
,https://poidh.xyz/base/bounty/514,food,,,,,,,,
,https://poidh.xyz/base/bounty/628,nature,,,,,,,,
,https://poidh.xyz/base/bounty/630,nature,,,,,,,,
,https://poidh.xyz/base/bounty/550,fun,,,,,,,,
,https://poidh.xyz/arbitrum/bounty/101,marketing,,,,,,,,
,https://poidh.xyz/arbitrum/bounty/47,fun,,,,,,,,
,https://poidh.xyz/arbitrum/bounty/108,fun,,,,,,,,
,https://poidh.xyz/arbitrum/bounty/100,marketing,,,,,,,,
,https://poidh.xyz/arbitrum/bounty/90,marketing,,,,,,,,
,https://poidh.xyz/arbitrum/bounty/93,marketing,,,,,,,,
,https://poidh.xyz/arbitrum/bounty/63,marketing,,,,,,,,
,https://poidh.xyz/arbitrum/bounty/105,marketing,,,,,,,,
,https://poidh.xyz/arbitrum/bounty/70,marketing,,,,,,,,
,https://poidh.xyz/arbitrum/bounty/8,food,,,,,,,,
,https://poidh.xyz/arbitrum/bounty/16,farcaster,,,,,,,,
,https://poidh.xyz/arbitrum/bounty/14,fun,,,,,,,,
,https://poidh.xyz/arbitrum/bounty/13,fun,,,,,,,,
,https://poidh.xyz/arbitrum/bounty/12,food,,,,,,,,
,https://poidh.xyz/arbitrum/bounty/9,fun,,,,,,,,
,https://poidh.xyz/arbitrum/bounty/17,music,,,,,,,,
,https://poidh.xyz/arbitrum/bounty/18,nature,,,,,,,,
,https://poidh.xyz/arbitrum/bounty/98,art,,,,,,,,
,https://poidh.xyz/arbitrum/bounty/89,nature,,,,,,,,
,https://poidh.xyz/arbitrum/bounty/104,marketing,,,,,,,,
,https://poidh.xyz/arbitrum/bounty/54,design,,,,,,,,
,https://poidh.xyz/arbitrum/bounty/65,memes,,,,,,,,
,https://poidh.xyz/arbitrum/bounty/49,fun,,,,,,,,
,https://poidh.xyz/arbitrum/bounty/94,fun,,,,,,,,
,https://poidh.xyz/arbitrum/bounty/95,nature,,,,,,,,
,https://poidh.xyz/arbitrum/bounty/55,nature,,,,,,,,
,https://poidh.xyz/arbitrum/bounty/41,marketing,,,,,,,,
,https://poidh.xyz/arbitrum/bounty/29,fun,,,,,,,,
,https://poidh.xyz/arbitrum/bounty/99,fun,,,,,,,,
,https://poidh.xyz/arbitrum/bounty/107,memes,,,,,,,,
,https://poidh.xyz/arbitrum/bounty/81,fun,,,,,,,,
,https://poidh.xyz/arbitrum/bounty/3,nature,,,,,,,,
,https://poidh.xyz/degen/bounty/852,publicgoods,,,,,,,,
,https://poidh.xyz/degen/bounty/731,fun,,,,,,,,
,https://poidh.xyz/degen/bounty/325,marketing,,,,,,,,
,https://poidh.xyz/degen/bounty/824,dev,,,,,,,,
,https://poidh.xyz/degen/bounty/1050,fun,,,,,,,,
,https://poidh.xyz/degen/bounty/392,skating,,,,,,,,
,https://poidh.xyz/degen/bounty/978,marketing,,,,,,,,
,https://poidh.xyz/degen/bounty/939,design,,,,,,,,
,https://poidh.xyz/degen/bounty/336,publicgoods,,,,,,,,
,https://poidh.xyz/degen/bounty/619,marketing,,,,,,,,
,https://poidh.xyz/degen/bounty/626,publicgoods,,,,,,,,
,https://poidh.xyz/degen/bounty/555,dev,,,,,,,,
,https://poidh.xyz/degen/bounty/628,dev,,,,,,,,
,https://poidh.xyz/degen/bounty/659,dev,,,,,,,,
,https://poidh.xyz/degen/bounty/660,music,,,,,,,,
,https://poidh.xyz/degen/bounty/556,fun,,,,,,,,
,https://poidh.xyz/degen/bounty/329,photography,,,,,,,,
,https://poidh.xyz/degen/bounty/0,publicgoods,,,,,,,,
,https://poidh.xyz/degen/bounty/606,publicgoods,,,,,,,,
,https://poidh.xyz/degen/bounty/1010,costumes,,,,,,,,
,https://poidh.xyz/degen/bounty/201,farcaster,,,,,,,,
,https://poidh.xyz/degen/bounty/1115,marketing,,,,,,,,
,https://poidh.xyz/degen/bounty/822,marketing,,,,,,,,
,https://poidh.xyz/degen/bounty/1022,fun,,,,,,,,
,https://poidh.xyz/degen/bounty/199,fun,,,,,,,,
,https://poidh.xyz/degen/bounty/562,publicgoods,,,,,,,,
,https://poidh.xyz/degen/bounty/720,design,,,,,,,,
,https://poidh.xyz/degen/bounty/1056,fun,,,,,,,,
,https://poidh.xyz/degen/bounty/1033,fun,,,,,,,,
,https://poidh.xyz/degen/bounty/599,publicgoods,,,,,,,,
,https://poidh.xyz/degen/bounty/196,farcaster,,,,,,,,
,https://poidh.xyz/degen/bounty/593,publicgoods,,,,,,,,
,https://poidh.xyz/degen/bounty/596,publicgoods,,,,,,,,
,https://poidh.xyz/degen/bounty/339,dev,,,,,,,,
,https://poidh.xyz/degen/bounty/615,marketing,,,,,,,,
,https://poidh.xyz/degen/bounty/1069,farcaster,,,,,,,,
,https://poidh.xyz/degen/bounty/859,marketing,,,,,,,,
,https://poidh.xyz/degen/bounty/627,art,,,,,,,,
,https://poidh.xyz/degen/bounty/910,design,,,,,,,,
,https://poidh.xyz/degen/bounty/821,design,,,,,,,,
,https://poidh.xyz/degen/bounty/443,golf,,,,,,,,
,https://poidh.xyz/degen/bounty/703,marketing,,,,,,,,
,https://poidh.xyz/degen/bounty/438,marketing,,,,,,,,
,https://poidh.xyz/degen/bounty/544,basketball,,,,,,,,
,https://poidh.xyz/degen/bounty/206,publicgoods,,,,,,,,
,https://poidh.xyz/degen/bounty/614,marketing,,,,,,,,
,https://poidh.xyz/degen/bounty/205,dev,,,,,,,,
,https://poidh.xyz/degen/bounty/561,dev,,,,,,,,
,https://poidh.xyz/degen/bounty/598,nature,,,,,,,,
,https://poidh.xyz/degen/bounty/634,publicgoods,,,,,,,,
,https://poidh.xyz/degen/bounty/946,fun,,,,,,,,
,https://poidh.xyz/degen/bounty/992,fun,,,,,,,,
,https://poidh.xyz/degen/bounty/663,fitness,,,,,,,,
,https://poidh.xyz/degen/bounty/1104,fitness,,,,,,,,
,https://poidh.xyz/degen/bounty/1137,fun,,,,,,,,
,https://poidh.xyz/degen/bounty/667,publicgoods,,,,,,,,
,https://poidh.xyz/degen/bounty/264,fun,,,,,,,,
,https://poidh.xyz/degen/bounty/677,golf,,,,,,,,
,https://poidh.xyz/degen/bounty/1054,publicgoods,,,,,,,,
,https://poidh.xyz/degen/bounty/1055,publicgoods,,,,,,,,
,https://poidh.xyz/degen/bounty/1053,publicgoods,,,,,,,,
,https://poidh.xyz/degen/bounty/238,music,,,,,,,,
,https://poidh.xyz/degen/bounty/664,gaming,,,,,,,,
,https://poidh.xyz/degen/bounty/589,publicgoods,,,,,,,,
,https://poidh.xyz/degen/bounty/697,marketing,,,,,,,,
,https://poidh.xyz/degen/bounty/666,fun,,,,,,,,
,https://poidh.xyz/degen/bounty/1103,fitness,,,,,,,,
,https://poidh.xyz/degen/bounty/670,pets,,,,,,,,
,https://poidh.xyz/degen/bounty/623,fun,,,,,,,,
,https://poidh.xyz/degen/bounty/1066,gaming,,,,,,,,
,https://poidh.xyz/degen/bounty/1071,design,,,,,,,,
,https://poidh.xyz/degen/bounty/572,music,,,,,,,,
,https://poidh.xyz/degen/bounty/672,marketing,,,,,,,,
,https://poidh.xyz/degen/bounty/359,marketing,,,,,,,,
,https://poidh.xyz/degen/bounty/729,art,,,,,,,,
,https://poidh.xyz/degen/bounty/675,marketing,,,,,,,,
,https://poidh.xyz/degen/bounty/256,dev,,,,,,,,
,https://poidh.xyz/degen/bounty/1059,fun,,,,,,,,
,https://poidh.xyz/degen/bounty/699,art,,,,,,,,
,https://poidh.xyz/degen/bounty/1088,food,,,,,,,,
,https://poidh.xyz/degen/bounty/624,nature,,,,,,,,
,https://poidh.xyz/degen/bounty/194,dev,,,,,,,,
,https://poidh.xyz/degen/bounty/602,basketball,,,,,,,,
,https://poidh.xyz/degen/bounty/321,art,,,,,,,,
,https://poidh.xyz/degen/bounty/1105,food,,,,,,,,
,https://poidh.xyz/degen/bounty/1142,fun,,,,,,,,
,https://poidh.xyz/degen/bounty/545,basketball,,,,,,,,
,https://poidh.xyz/degen/bounty/671,cars,,,,,,,,
,https://poidh.xyz/degen/bounty/1019,publicgoods,,,,,,,,
,https://poidh.xyz/degen/bounty/566,fun,,,,,,,,
,https://poidh.xyz/degen/bounty/693,fun,,,,,,,,
,https://poidh.xyz/degen/bounty/1109,fitness,,,,,,,,
,https://poidh.xyz/degen/bounty/1111,fun,,,,,,,,
,https://poidh.xyz/degen/bounty/1110,skating,,,,,,,,
,https://poidh.xyz/degen/bounty/241,marketing,,,,,,,,
,https://poidh.xyz/degen/bounty/353,art,,,,,,,,
,https://poidh.xyz/degen/bounty/148,popculture,,,,,,,,
,https://poidh.xyz/degen/bounty/265,data,,,,,,,,
,https://poidh.xyz/degen/bounty/679,pets,,,,,,,,
,https://poidh.xyz/degen/bounty/695,selfcare,,,,,,,,
,https://poidh.xyz/degen/bounty/1002,food,,,,,,,,
,https://poidh.xyz/degen/bounty/294,food,,,,,,,,
,https://poidh.xyz/degen/bounty/595,trees,,,,,,,,
,https://poidh.xyz/base/bounty/622,selfcare,,,,,,,,
,https://poidh.xyz/degen/bounty/293,publicgoods,,,,,,,,
,https://poidh.xyz/degen/bounty/611,art,,,,,,,,
,https://poidh.xyz/degen/bounty/676,trees,,,,,,,,
,https://poidh.xyz/degen/bounty/575,trees,,,,,,,,
,https://poidh.xyz/degen/bounty/708,farcaster,,,,,,,,
,https://poidh.xyz/degen/bounty/1102,spanish,,,,,,,,
,https://poidh.xyz/degen/bounty/632,marketing,,,,,,,,
,https://poidh.xyz/degen/bounty/696,food,,,,,,,,
,https://poidh.xyz/degen/bounty/338,dev,,,,,,,,
,https://poidh.xyz/degen/bounty/1024,selfcare,,,,,,,,
,https://poidh.xyz/degen/bounty/629,food,,,,,,,,
,https://poidh.xyz/degen/bounty/1078,family,,,,,,,,
,https://poidh.xyz/degen/bounty/1123,selfcare,,,,,,,,
,https://poidh.xyz/degen/bounty/958,selfcare,,,,,,,,
,https://poidh.xyz/degen/bounty/413,publicgoods,,,,,,,,
,https://poidh.xyz/degen/bounty/391,fitness,,,,,,,,
,https://poidh.xyz/degen/bounty/390,fitness,,,,,,,,
,https://poidh.xyz/degen/bounty/603,nature,,,,,,,,
,https://poidh.xyz/degen/bounty/415,publicgoods,,,,,,,,
,https://poidh.xyz/degen/bounty/600,nature,,,,,,,,
,https://poidh.xyz/degen/bounty/665,football,,,,,,,,
,https://poidh.xyz/degen/bounty/709,pets,,,,,,,,
,https://poidh.xyz/degen/bounty/1068,food,,,,,,,,
,https://poidh.xyz/degen/bounty/1086,food,,,,,,,,
,https://poidh.xyz/degen/bounty/24,football,,,,,,,,
,https://poidh.xyz/degen/bounty/571,art,,,,,,,,
,https://poidh.xyz/degen/bounty/577,marketing,,,,,,,,
,https://poidh.xyz/degen/bounty/733,fun,,,,,,,,
,https://poidh.xyz/degen/bounty/579,gaming,,,,,,,,
,https://poidh.xyz/degen/bounty/267,nature,,,,,,,,
,https://poidh.xyz/degen/bounty/548,marketing,,,,,,,,
,https://poidh.xyz/degen/bounty/1097,selfcare,,,,,,,,
,https://poidh.xyz/degen/bounty/435,fun,,,,,,,,
,https://poidh.xyz/degen/bounty/1129,art,,,,,,,,
,https://poidh.xyz/degen/bounty/604,nature,,,,,,,,
,https://poidh.xyz/degen/bounty/713,fun,,,,,,,,
,https://poidh.xyz/degen/bounty/581,basketball,,,,,,,,
,https://poidh.xyz/degen/bounty/971,nature,,,,,,,,
,https://poidh.xyz/degen/bounty/365,publicgoods,,,,,,,,
,https://poidh.xyz/degen/bounty/358,publicgoods,,,,,,,,
,https://poidh.xyz/degen/bounty/360,publicgoods,,,,,,,,
,https://poidh.xyz/degen/bounty/356,publicgoods,,,,,,,,
,https://poidh.xyz/degen/bounty/364,marketing,,,,,,,,
,https://poidh.xyz/degen/bounty/543,marketing,,,,,,,,
,https://poidh.xyz/degen/bounty/655,cars,,,,,,,,
,https://poidh.xyz/degen/bounty/301,gardening,,,,,,,,
,https://poidh.xyz/degen/bounty/691,fun,,,,,,,,
,https://poidh.xyz/degen/bounty/981,food,,,,,,,,
,https://poidh.xyz/degen/bounty/1143,food,,,,,,,,
,https://poidh.xyz/degen/bounty/143,farcaster,,,,,,,,
,https://poidh.xyz/degen/bounty/157,publicgoods,,,,,,,,
,https://poidh.xyz/base/bounty/87,dev,,,,,,,,
,https://poidh.xyz/base/bounty/90,photography,,,,,,,,
,https://poidh.xyz/base/bounty/432,photography,,,,,,,,
,https://poidh.xyz/base/bounty/190,education,,,,,,,,
,https://poidh.xyz/base/bounty/545,music,,,,,,,,
,https://poidh.xyz/base/bounty/411,nature,,,,,,,,
,https://poidh.xyz/base/bounty/172,dev,,,,,,,,
,https://poidh.xyz/base/bounty/173,dev,,,,,,,,
,https://poidh.xyz/base/bounty/202,marketing,,,,,,,,
,https://poidh.xyz/base/bounty/499,photography,,,,,,,,
,https://poidh.xyz/base/bounty/569,marketing,,,,,,,,
,https://poidh.xyz/base/bounty/472,farcaster,,,,,,,,
,https://poidh.xyz/base/bounty/412,marketing,,,,,,,,
,https://poidh.xyz/base/bounty/338,pets,,,,,,,,
,https://poidh.xyz/base/bounty/159,farcaster,,,,,,,,
,https://poidh.xyz/base/bounty/431,fitness,,,,,,,,
,https://poidh.xyz/base/bounty/436,fun,,,,,,,,
,https://poidh.xyz/base/bounty/428,dev,,,,,,,,
,https://poidh.xyz/base/bounty/563,fun,,,,,,,,
,https://poidh.xyz/base/bounty/486,marketing,,,,,,,,
,https://poidh.xyz/base/bounty/310,marketing,,,,,,,,
,https://poidh.xyz/base/bounty/439,politics,,,,,,,,
,https://poidh.xyz/base/bounty/524,fitness,,,,,,,,
,https://poidh.xyz/base/bounty/522,golf,,,,,,,,
,https://poidh.xyz/base/bounty/549,marketing,,,,,,,,
,https://poidh.xyz/base/bounty/408,fitness,,,,,,,,
,https://poidh.xyz/base/bounty/535,fun,,,,,,,,
,https://poidh.xyz/base/bounty/501,nature,,,,,,,,
,https://poidh.xyz/base/bounty/195,dev,,,,,,,,
,https://poidh.xyz/base/bounty/209,dev,,,,,,,,
,https://poidh.xyz/base/bounty/459,fun,,,,,,,,
,https://poidh.xyz/base/bounty/384,publicgoods,,,,,,,,
,https://poidh.xyz/base/bounty/447,fitness,,,,,,,,
,https://poidh.xyz/base/bounty/362,football,,,,,,,,
,https://poidh.xyz/base/bounty/446,nature,,,,,,,,
,https://poidh.xyz/base/bounty/533,farcaster,,,,,,,,
,https://poidh.xyz/base/bounty/548,memes,,,,,,,,
,https://poidh.xyz/base/bounty/419,publicgoods,,,,,,,,
,https://poidh.xyz/base/bounty/84,marketing,,,,,,,,
,https://poidh.xyz/base/bounty/400,art,,,,,,,,
,https://poidh.xyz/base/bounty/471,farcaster,,,,,,,,
,https://poidh.xyz/base/bounty/130,art,,,,,,,,
,https://poidh.xyz/base/bounty/506,farcaster,,,,,,,,
,https://poidh.xyz/base/bounty/462,fun,,,,,,,,
,https://poidh.xyz/base/bounty/364,football,,,,,,,,
,https://poidh.xyz/base/bounty/463,fun,,,,,,,,
,https://poidh.xyz/base/bounty/482,poetry,,,,,,,,
,https://poidh.xyz/base/bounty/82,marketing,,,,,,,,
,https://poidh.xyz/base/bounty/579,marketing,,,,,,,,
,https://poidh.xyz/base/bounty/537,marketing,,,,,,,,
,https://poidh.xyz/base/bounty/409,art,,,,,,,,
,https://poidh.xyz/base/bounty/345,fun,,,,,,,,
,https://poidh.xyz/base/bounty/402,art,,,,,,,,
,https://poidh.xyz/base/bounty/425,fun,,,,,,,,
,https://poidh.xyz/base/bounty/544,fun,,,,,,,,
,https://poidh.xyz/base/bounty/179,art,,,,,,,,
,https://poidh.xyz/base/bounty/35,publicgoods,,,,,,,,
,https://poidh.xyz/base/bounty/427,football,,,,,,,,
,https://poidh.xyz/base/bounty/375,food,,,,,,,,
,https://poidh.xyz/base/bounty/93,gardening,,,,,,,,
,https://poidh.xyz/base/bounty/30,fun,,,,,,,,
,https://poidh.xyz/base/bounty/418,publicgoods,,,,,,,,
,https://poidh.xyz/base/bounty/435,fun,,,,,,,,
,https://poidh.xyz/base/bounty/417,gaming,,,,,,,,
,https://poidh.xyz/base/bounty/241,gardening,,,,,,,,
,https://poidh.xyz/base/bounty/631,music,,,,,,,,
,https://poidh.xyz/base/bounty/571,marketing,,,,,,,,
,https://poidh.xyz/base/bounty/216,art,,,,,,,,
,https://poidh.xyz/base/bounty/495,marketing,,,,,,,,
,https://poidh.xyz/base/bounty/378,fun,,,,,,,,
,https://poidh.xyz/base/bounty/515,selfcare,,,,,,,,
,https://poidh.xyz/base/bounty/546,fashion,,,,,,,,
,https://poidh.xyz/base/bounty/582,fun,,,,,,,,
,https://poidh.xyz/base/bounty/469,food,,,,,,,,
,https://poidh.xyz/base/bounty/461,fun,,,,,,,,
,https://poidh.xyz/base/bounty/560,marketing,,,,,,,,
,https://poidh.xyz/base/bounty/552,publicgoods,,,,,,,,
,https://poidh.xyz/base/bounty/479,fun,,,,,,,,
,https://poidh.xyz/base/bounty/518,poetry,,,,,,,,
,https://poidh.xyz/base/bounty/404,football,,,,,,,,
,https://poidh.xyz/base/bounty/551,fun,,,,,,,,
,https://poidh.xyz/base/bounty/564,nature,,,,,,,,
,https://poidh.xyz/base/bounty/493,fun,,,,,,,,
,https://poidh.xyz/base/bounty/415,basketball,,,,,,,,
,https://poidh.xyz/base/bounty/437,nature,,,,,,,,
,https://poidh.xyz/base/bounty/22,fun,,,,,,,,
,https://poidh.xyz/base/bounty/23,fun,,,,,,,,
,https://poidh.xyz/base/bounty/21,fun,,,,,,,,
,https://poidh.xyz/base/bounty/26,music,,,,,,,,
,https://poidh.xyz/base/bounty/19,fun,,,,,,,,
,https://poidh.xyz/base/bounty/20,selfcare,,,,,,,,
,https://poidh.xyz/base/bounty/25,farcaster,,,,,,,,
,https://poidh.xyz/base/bounty/578,fun,,,,,,,,
,https://poidh.xyz/base/bounty/568,publicgoods,,,,,,,,
,https://poidh.xyz/base/bounty/616,fun,,,,,,,,
,https://poidh.xyz/base/bounty/572,fitness,,,,,,,,
,https://poidh.xyz/base/bounty/401,selfcare,,,,,,,,
,https://poidh.xyz/base/bounty/620,pets,,,,,,,,
,https://poidh.xyz/base/bounty/317,selfcare,,,,,,,,
,https://poidh.xyz/base/bounty/127,marketing,,,,,,,,
,https://poidh.xyz/base/bounty/613,fun,,,,,,,,
,https://poidh.xyz/base/bounty/108,marketing,,,,,,,,
,https://poidh.xyz/base/bounty/105,fun,,,,,,,,
,https://poidh.xyz/base/bounty/146,fun,,,,,,,,
,https://poidh.xyz/base/bounty/153,fun,,,,,,,,
,https://poidh.xyz/base/bounty/168,football,,,,,,,,
,https://poidh.xyz/base/bounty/484,fun,,,,,,,,
,https://poidh.xyz/base/bounty/498,selfcare,,,,,,,,
,https://poidh.xyz/base/bounty/373,fun,,,,,,,,
,https://poidh.xyz/base/bounty/504,football,,,,,,,,
,https://poidh.xyz/base/bounty/46,fun,,,,,,,,
,https://poidh.xyz/base/bounty/350,selfcare,,,,,,,,
,https://poidh.xyz/degen/bounty/341,baseball,,,,,,,,
,https://poidh.xyz/degen/bounty/171,farcaster,,,,,,,,
,https://poidh.xyz/degen/bounty/12,fun,,,,,,,,